site_name,lat,lon,altitude_masl,locality,admin_region,ecozone,period,period_from,period_to
Acha 2,-18.34947,-70.343383,45.0,"Acha Ravine, Lower Azapa Valley",Arica y Parinacota,Coast,Early Archaic (Northern Chile),-8000.0,-5000.0
Acha 3,-18.5041,-70.2799,88.0,Arica Coast,Arica y Parinacota,Coast,Early Archaic (Northern Chile),-8000.0,-5000.0
Alero Ampahuasi,-21.9114,-68.5922,3128.0,"Upper Loa basin, Calama",Antofagasta,Precordillera,Formative Period (Northern Chile),-1500.0,400.0
Ancachi,-21.61,-69.57,800.0,"North to Quillagua Oases, Loa basin",Antofagasta,Lowlands,Formative Period (Northern Chile),-1500.0,400.0
Arica,-18.478908,-70.320551,26.0,"Arica Coast, Lluta River",Arica y Parinacota,Coast,Modern,,
Autoclub,-23.705123,-70.425649,1.0,Coast of,Antofagasta,Coast,Late Intermediate Period (Northern Chile),900.0,1485.0
Azapa - Indet,,,,"San Miguel de Azapa, Lower Azapa Valley",Arica y Parinacota,,Late Intermediate Period (Northern Chile),1224.0,1277.0
Azapa 11 (AZ-11),-18.546317,-70.120671,505.0,"San Miguel de Azapa, Lower Azapa Valley",Arica y Parinacota,Lowlands,Late Intermediate Period (Northern Chile),1000.0,1450.0
Azapa 11 (Az-11),-18.522937,-70.183064,356.0,"San Miguel de Azapa, Lower Azapa Valley",Arica y Parinacota,Lowlands,Late Intermediate Period (Northern Chile),1218.0,1273.0
Azapa 115,-18.515454,-70.1180265,267.0,"San Miguel de Azapa, Lower Azapa Valley",Arica y Parinacota,Lowlands,Late Formative (Northern Chile),-500.0,100.0
Azapa 115 (AZ-115),-18.515454,-70.1180265,267.0,"San Miguel de Azapa, Lower Azapa Valley",Arica y Parinacota,Lowlands,Formative Period (Northern Chile),-2000.0,500.0
Azapa 122 (AZ-122),-18.514676,-70.227793,197.0,"San Miguel de Azapa, Lower Azapa Valley",Arica y Parinacota,Lowlands,Formative Period (Northern Chile),-1500.0,500.0
Azapa 14,-18.520743,-70.219859,234.0,"San Miguel de Azapa, Lower Azapa Valley",Arica y Parinacota,Lowlands,Early Formative (Northern Chile),-1500.0,-500.0
Azapa 14 (AZ-14),-18.520743,-70.219859,234.0,"San Miguel de Azapa, Lower Azapa Valley",Arica y Parinacota,Lowlands,Formative Period (Northern Chile),-2000.0,-1.0
Azapa 14 (Az-14),-18.520743,-70.219859,234.0,"San Miguel de Azapa, Lower Azapa Valley",Arica y Parinacota,Lowlands,Late Intermediate Period (Northern Chile),1314.0,1400.0
Azapa 140 (AZ-140),-18.5381,-70.1668,356.0,"San Miguel de Azapa, Lower Azapa Valley",Arica y Parinacota,Lowlands,Middle Horizon (Northern Chile),750.0,1100.0
Azapa 141,-18.545111,-70.1543,360.0,San Miguel de Azapa,Arica y Parinacota,Lowlands,,,
Azapa 141 (AZ-141),-18.545111,-70.1543,360.0,"San Miguel de Azapa, Lower Azapa Valley",Arica y Parinacota,Lowlands,Middle Horizon (Northern Chile),500.0,1000.0
Azapa 141 (Az-141),-18.545111,-70.1543,360.0,"San Miguel de Azapa, Lower Azapa Valley",Arica y Parinacota,Lowlands,Late Intermediate Period (Northern Chile),1272.0,1380.0
Azapa 146,-18.545036,-70.149496,356.0,"San Miguel de Azapa, Lower Azapa Valley",Arica y Parinacota,Lowlands,Early Formative (Northern Chile),-1500.0,-500.0
Azapa 15 (Az-15),-18.545111,-70.1543,360.0,"San Miguel de Azapa, Lower Azapa Valley",Arica y Parinacota,Lowlands,Late Period (Northern Chile),1506.0,1641.0
Azapa 6,-18.5222,-70.1543,360.0,"San Miguel de Azapa, Lower Azapa Valley",Arica y Parinacota,Lowlands,Late Intermediate Period/Pica phase,1000.0,1400.0
Azapa 6 (AZ-6),-18.5222,-70.1543,360.0,"San Miguel de Azapa, Lower Azapa Valley",Arica y Parinacota,Lowlands,Middle Horizon (Northern Chile),500.0,900.0
Azapa 6 (Az-6),-18.5222,-70.1543,360.0,"San Miguel de Azapa, Lower Azapa Valley",Arica y Parinacota,Lowlands,Late Intermediate Period (Northern Chile),1054.0,1222.0
Azapa 70,-18.517798,-70.174663,281.0,"San Miguel de Azapa, Lower Azapa Valley",Arica y Parinacota,Lowlands,Early Formative (Northern Chile),-1500.0,-500.0
Azapa 70 (AZ-70),-18.517798,-70.174663,281.0,"San Miguel de Azapa, Lower Azapa Valley",Arica y Parinacota,Lowlands,Middle Formative Period (Northern Chile),-500.0,100.0
Azapa 71,-18.518711,-70.172905,296.0,"San Miguel de Azapa, Lower Azapa Valley",Arica y Parinacota,Lowlands,Early Formative (Northern Chile),-1500.0,-500.0
Azapa 71 (AZ-71),-18.518711,-70.172905,296.0,"San Miguel de Azapa, Lower Azapa Valley",Arica y Parinacota,Lowlands,Late Intermediate Period (Northern Chile),1000.0,1450.0
Azapa 71a (Az-71a),-18.518711,-70.172905,296.0,"San Miguel de Azapa, Lower Azapa Valley",Arica y Parinacota,Lowlands,Late Period (Northern Chile),1462.0,1629.0
Azapa 71b (Az-71b),-18.518711,-70.172905,296.0,"San Miguel de Azapa, Lower Azapa Valley",Arica y Parinacota,Lowlands,Late Intermediate Period (Northern Chile),1272.0,1380.0
Azapa 75,-18.5242,-70.1907,272.0,"San Miguel de Azapa, Lower Azapa Valley",Arica y Parinacota,Lowlands,Late Formative (Northern Chile),-500.0,100.0
Azapa 75 (AZ-75),-18.5242323,-70.187611,280.0,"Alto de Ramirez, Lower Azapa Valley",Arica y Parinacota,Lowlands,Middle Formative Period (Northern Chile),-1000.0,100.0
Azapa 76 (AZ-76),-18.5242,-70.1907,272.0,"San Miguel de Azapa, Lower Azapa Valley",Arica y Parinacota,Lowlands,Late Intermediate Period (Northern Chile),1000.0,1450.0
Azapa 8,-18.5119,-70.1787,357.0,"San Miguel de Azapa, Lower Azapa Valley",Arica y Parinacota,Lowlands,Late Intermediate Period/Late Period,1450.0,1540.0
Azapa 8 (AZ-8),-18.5119,-70.1787,357.0,"San Miguel de Azapa, Lower Azapa Valley",Arica y Parinacota,Lowlands,Late Intermediate/ Late Period (Northern Chile),1100.0,1476.0
Azapa Valley,-18.5222,-70.108611,360.0,San Miguel de Azapa,Arica y Parinacota,Lowlands,Modern,,
Bajo Molle Edificio Armada,-20.2917,-70.1253,37.0,Iquique,Tarapacá,Coast,Late Intermediate Period (Northern Chile),900.0,1450.0
Calar,-22.8244,-68.0076,3398.0,Northeast of San Pedro de Atacama Oasis,Antofagasta,Precordillera,Formative Period (Northern Chile),-200.0,-200.0
Calate,-21.279813,-69.922223,1030.0,"Cordillera de la costa, north of Loa Valley",Tarapacá,Lowlands,Middle Formative/Late Intermediate (Northern Chile),-500.0,1400.0
Caleta Buena,-25.4817,-70.5323,15.0,Taltal area,Antofagasta,Coast,Middle Horizon (Northern Chile),250.0,950.0
Caleta Huelén 2,-21.4319,-70.0487,20.0,Lower Loa Valley,Tarapacá,Coast,Formative Period (Northern Chile),-1000.0,500.0
Caleta Huelén 20,-21.4319,-70.0487,20.0,Lower Loa Valley,Tarapacá,Coast,Formative Period (Northern Chile),-1000.0,500.0
Caleta Huelén 7,-21.4319,-70.0487,20.0,Lower Loa Valley,Tarapacá,Coast,Formative Period (Northern Chile),-1000.0,500.0
Caleta Punta Arenas,-21.6358,-70.1409,11.0,"Caleta Punta Arenas, Tocopilla, Coast of",Antofagasta,Coast,Late Intermediate Period (Northern Chile),900.0,1485.0
Caleta Vitor,-18.757965,-70.333852,5.0,"Quebrada Chaca mouth, 25 km south of Arica",Arica y Parinacota,Coast,Formative Period (Northern Chile),-2050.0,450.0
Camarones,-19.19612,-70.265518,64.0,Lower Camarones Valley,Arica y Parinacota,Coast,Modern,,
Camarones 15,-19.196289,-70.265153,94.0,Lower Camarones Valley,Arica y Parinacota,Coast,Early Formative Period (Northern Chile),-1700.0,-500.0
Camarones 15C,-19.202842,-70.268303,31.0,Lower Camarones Valley,Arica y Parinacota,Coast,Early Formative (Northern Chile),-1500.0,-500.0
Camarones 15D,-19.202633,-70.267618,66.0,Lower Camarones Valley,Arica y Parinacota,Coast,Late Archaic (Northern Chile),-3000.0,-1500.0
Camarones 17,-19.194182,-70.264011,38.0,Lower Camarones Valley,Arica y Parinacota,Coast,Middle Archaic (Northern Chile),-5000.0,-3000.0
Camarones 8,-19.191619,-70.260076,44.0,Lower Camarones Valley,Arica y Parinacota,Coast,Middle Archaic (Northern Chile),-5000.0,-3000.0
Camarones 9,-19.19287,-70.262631,43.0,Lower Camarones Valley,Arica y Parinacota,Coast,Late Period (Northern Chile),1450.0,1532.0
Camarones PN,-19.183056,-70.273056,20.0,Lower Camarones Valley,Arica y Parinacota,Coast,Middle Archaic (Northern Chile),-5000.0,-3000.0
Camarones-15,-19.196289,-70.265153,94.0,Lower Camarones Valley,Arica y Parinacota,Coast,Early Formative (Northern Chile),-1700.0,-500.0
Casa Parroquial,-22.911,-68.2005,2446.0,San Pedro de Atacama Oasis,Antofagasta,Precordillera,Late Middle Horizon (Northern Chile),400.0,1000.0
Caserones 1,-19.980166,-69.562511,1282.0,Middle Tarapacá Valley,Tarapacá,Lowlands,Formative Period (Northern Chile),-1500.0,400.0
Caspana,-22.334654,-68.212473,3250.0,"Caspana River, upper Loa basin, Calama",Antofagasta,Precordillera,Late Intermediate Period (Northern Chile),1100.0,1450.0
Catarpe 1,-22.886303,-68.220634,2471.0,"Upper Loa basin, Calama",Antofagasta,Precordillera,Late Intermediate Period (Northern Chile),900.0,1485.0
Cementerio Oriente de Quillagua,-21.660287,-69.53489,810.0,"Quillagua Oases, Loa basin",Antofagasta,Lowlands,Late Intermediate Period (Northern Chile),950.0,1150.0
Cerro Colorado 7,-20.2862,-69.1976,2632.0,"Precordillera de Tarapacá, sector of Cerro Colorado",Tarapacá,Precordillera,Colonial,1460.0,1630.0
Chinchorro 1,-18.4616376,-70.296254,30.0,"Chinchorro beach, Arica",Arica y Parinacota,Coast,Archaic (Northern Chile),-8000.0,-1500.0
Chiu-Chiu,-22.335327,-68.648624,2539.0,"Upper Loa Valley, Chiuchiu",Antofagasta,Precordillera,Late Formative (Northern Chile),100.0,400.0
Chorillos,-22.4532,-68.9124,2296.0,"Upper Loa basin, Calama",Antofagasta,Precordillera,Formative Period (Northern Chile),-820.0,-770.0
Chorrillos,-22.4532,-68.9124,2296.0,"Upper Loa basin, Calama",Antofagasta,Precordillera,Formative Period (Northern Chile),-820.0,-770.0
Chorrilos,-22.4532,-68.9124,2296.0,"Upper Loa basin, Calama",Antofagasta,Precordillera,Formative Period (Northern Chile),-820.0,-770.0
Colchane,-19.275732,-68.638751,3723.0,Upper Sitani Valley,Tarapacá,Altiplano,Modern,,
Colon 10,-18.4807,-70.3215,54.0,Arica Coast,Arica y Parinacota,Coast,Late Archaic (Northern Chile),-3000.0,-1500.0
Conanoxa,-19.046448,-69.975532,830.0,Interior Desert,Arica y Parinacota,Lowlands,Modern,,
Copaca 1,-22.347557,-70.248126,22.0,30 km south of Tocopilla,Antofagasta,Coast,Late Archaic (Northern Chile),-5500.0,-2000.0
Coyo 3,-22.949,-68.2349,2405.0,San Pedro de Atacama Oasis,Antofagasta,Precordillera,Late Middle Horizon (Northern Chile),400.0,1000.0
Coyo Oriental,-22.947732,-68.232554,2404.0,San Pedro de Atacama Oasis,Antofagasta,Precordillera,Late Middle Horizon (Northern Chile),400.0,1000.0
Cáñamo 3,-20.7728,-70.1864,59.0,"Iquique coast, between Iquique and Loa River",Tarapacá,Coast,Formative Period (Northern Chile),-1000.0,500.0
Depresión Intermedia,-21.942071,-69.678692,1186.0,Intermedite area between the coast and the Loa Valley,Antofagasta,Lowlands,Late Formative Period (Northern Chile),73.0,330.0
El Toco,-22.068081,-69.60071,1094.0,"Middle Loa Valley, Toco",Antofagasta,Lowlands,Late Formative (Northern Chile),100.0,400.0
El Vertedero,-23.473323,-70.389404,362.0,"La Chimba, Jorge Bay",Antofagasta,Lowlands,,,
Enaex,-23.095388,-70.433325,6.0,"Mejillones Bay, Mejillones Port",Antofagasta,Coast,Middle Formative/Middle Horizon (Northern Chile),-750.0,1100.0
Gualaguala 01,-22.801,-70.313333,8.0,Tocopilla coast,Antofagasta,Coast,Formative Period (Northern Chile),-1500.0,400.0
Gualaguala 04,-22.801,-70.313333,8.0,Tocopilla coast,Antofagasta,Coast,Formative Period (Northern Chile),-1500.0,400.0
Guatacondo 1,-20.994174,-69.298498,1355.0,"Guatacondo gorge, south margin",Tarapacá,Lowlands,Formative Period (Northern Chile),-1500.0,400.0
Hakenasa,-17.875064,-69.311093,4475.0,"Upper Lluta Valley, Putre",Arica y Parinacota,Altiplano,Late Archaic (Northern Chile),-3000.0,-1500.0
Huancarane 1,-18.97,-69.7,1173.0,"Camarones Valley, 60 km from the coast",Arica y Parinacota,Lowlands,Late Intermedaite Period (Northern Chile),1000.0,1450.0
Iluga Túmulos,-20.002748,-69.585252,1217.0,Middle Tarapacá Valley,Tarapacá,Lowlands,Formative Period (Northern Chile),-1500.0,400.0
Iquique,-20.2135,-70.1503,15.0,Iquique,Tarapacá,Coast,Late Intermediate Period (Northern Chile),900.0,1450.0
LL-036 Rosario 2,-18.41,-70.16,338.0,"Lluta Valley, 16 km from the coast",Arica y Parinacota,Lowlands,Late Horizon,1470.0,1550.0
LL-21 Poblado Millune,-18.32,-69.81,1581.0,"Lluta Valley, 54 km from the coast",Arica y Parinacota,Lowlands,Late Horizon,1470.0,1550.0
LL-93 Vinto 1-2,-18.32,-69.77,1710.0,"Lluta Valley, 57 km from the coast",Arica y Parinacota,Precordillera,Hispanic,1550.0,1550.0
Larache,-22.91684,-68.205157,2434.0,San Pedro de Atacama Oasis,Antofagasta,Precordillera,Early Middle Horizon (Northern Chile),100.0,750.0
Las Cuevas,-18.182629,-69.418515,4525.0,"Upper Lluta Valley, Putre",Arica y Parinacota,Altiplano,Late Archaic (Northern Chile),-3000.0,-1500.0
Las Loberas,-23.0677,-70.5555,48.0,Mejillones Península,Antofagasta,Coast,Late Formative/Middle Horizon (Northern Chile),-700.0,-650.0
Lauca,-18.234875,-69.314805,4584.0,"Upper Lluta Valley, Putre",Arica y Parinacota,Altiplano,Late Archaic (Northern Chile),-3000.0,-1500.0
Ll-19 Sora Sur,-18.34,-69.87,1215.0,"Lluta Valley, 48 km from the coast",Arica y Parinacota,Lowlands,Late Horizon,1470.0,1550.0
Lluta,-18.405,-70.3148,34.0,Arica Coast,Arica y Parinacota,Coast,Modern,,
Lluta 54,-18.4011,-70.2275,426.0,Lower Lluta Valley,Arica y Parinacota,Lowlands,Late Intermediate Period/Late Period,1450.0,1540.0
Lluta 57,-18.4011,-70.2275,426.0,Lower Lluta Valley,Arica y Parinacota,Lowlands,Late Intermediate Period (Northern Chile),900.0,1485.0
Los Canastos,-23.5136,-70.5367,37.0,"Parque Nacional Morro Moreno, Balneario Juan Lopez",Antofagasta,Coast,Early Formative (Northern Chile),-1500.0,500.0
Los Verdes 5,-20.4257,-70.1618,26.0,20 km south of Iquique,Tarapacá,Coast,Late Intermediate Period (Northern Chile),900.0,1450.0
Maderas Enco,-18.4565,-70.2954,30.0,Arica Coast,Arica y Parinacota,Coast,Middle Archaic (Northern Chile),-5000.0,-3000.0
Maderas Enco 1,-18.4565,-70.2954,30.0,Arica Coast,Arica y Parinacota,Coast,Archaic (Northern Chile),-8000.0,-2000.0
Maestranza CH,-18.464487,-70.301135,30.0,Arica Coast,Arica y Parinacota,Coast,Middle Archaic (Northern Chile),-5000.0,-3000.0
Michilla 02,-22.7225,-70.282222,23.0,Tocopilla coast,Antofagasta,Coast,Formative Period (Northern Chile),-1500.0,400.0
Mocha 2,-19.832041,-69.296723,2274.0,UpperTarapacá Valley,Tarapacá,Precordillera,Late Intermediate Period (Northern Chile),1100.0,1450.0
Molle Pampa (Este),-18.423189,-70.089039,583.0,"Middle Lluta Valley, Poconchile",Arica y Parinacota,Lowlands,Late Period (Northern Chile),1450.0,1540.0
Molle Pampa (Medio),-18.423189,-70.089039,583.0,"Middle Lluta Valley, Poconchile",Arica y Parinacota,Lowlands,Late Intermediate Period (Northern Chile),1100.0,1450.0
Morro 1,-18.481108,-70.321679,62.0,Arica Coast,Arica y Parinacota,Coast,Middle Archaic (Northern Chile),-5000.0,-3000.0
Morro 1/6,-18.4825,-70.321111,57.0,Arica Coast,Arica y Parinacota,Coast,Late Archaic (Northern Chile),-3000.0,-1500.0
Morro 1/6 (Chinchorro),-18.4825,-70.321111,57.0,Arica Coast,Arica y Parinacota,Coast,Late Archaic Period (Northern Chile),-2300.0,-1800.0
Morro 1–6,-18.4825,-70.321111,57.0,Arica Coast,Arica y Parinacota,Coast,Late Archaic (Northern Chile),-2555.0,-2050.0
Morro C/T0,-18.4806,-70.3215,53.0,Arica Coast,Arica y Parinacota,Coast,Late Archaic (Northern Chile),-3000.0,-1500.0
PIca 8,-20.520277,-69.3725,1174.0,"Inland oases, Pica",Tarapacá,Lowlands,Late Intermediate Period (Northern Chile),1100.0,1450.0
Pan de Azucar,-26.151877,-70.658765,30.0,Parque Nacional Pan de Azucar,Atacama,Coast,Modern,,
Pan de Azúcar,-26.151877,-70.658765,30.0,Parque Nacional Pan de Azucar,Atacama,Coast,Modern,,
Paposo,-25.034224,-70.462488,156.0,Reserva Natural de Paposo,Antofagasta,Lowlands,Modern,,
Patapatane,-18.140556,-69.694444,3745.0,Puquios,Arica y Parinacota,Altiplano,Middle Archaic (Northern Chile),-5000.0,-3000.0
Pica,-20.520277,-69.3725,1174.0,"Inland oases, Pica",Tarapacá,Lowlands,Late Intermediate Period/Pica phase,1000.0,1400.0
Pica 8,-20.520277,-69.3725,1174.0,"Inland oases, Pica",Tarapacá,Lowlands,Late Intermedaite Period (Northern Chile),900.0,1450.0
Pircas 1,-19.9791,-69.5637,1266.0,Middle Tarapacá Valley,Tarapacá,Lowlands,Formative Period (Northern Chile),-1500.0,400.0
Pisagua (PSG-7),-19.593611,-70.208333,19.0,"Pisagua bay, Pisagua",Tarapacá,Coast,Early/Middle Formative Period (Northern Chile),-1500.0,100.0
Pisagua 5,-19.5973,-70.213,15.0,"Pisagua bay, Pisagua",Tarapacá,Coast,Late Intermediate Period (Northern Chile),900.0,1450.0
Pisagua Gruta,-19.5973,-70.213,15.0,"Pisagua bay, Pisagua",Tarapacá,Coast,Late Intermediate Period (Northern Chile),900.0,1450.0
Pisagua Hospital,-19.596729,-70.212339,12.0,"Pisagua bay, Pisagua",Tarapacá,Coast,Late Intermediate Period (Northern Chile),900.0,1450.0
Pisagua–Uhle,-19.5973,-70.213,15.0,"Pisagua bay, Pisagua",Tarapacá,Coast,Late Intermediate Period (Northern Chile),900.0,1450.0
Playa Chinchorro,-18.4616376,-70.296254,30.0,Arica Coast,Arica y Parinacota,Coast,Modern,,
Playa Miller 4 (PLM-4),-18.491944,-70.324746,48.0,Arica Coast,Arica y Parinacota,Coast,Late Period (Northern Chile),1500.0,1642.0
Playa Miller 7,-18.491944,-70.324746,63.0,Arica Coast,Arica y Parinacota,Coast,Late Formative (Northern Chile),-500.0,500.0
Playa Miller 7 (El Laucho),-18.491944,-70.324746,48.0,Arica Coast,Arica y Parinacota,Coast,Middle Horizon (Northern Chile),,500.0
Playa Miller 7 (PLM-7),-18.491944,-70.324746,48.0,Arica Coast,Arica y Parinacota,Coast,Middle Formative Period (Northern Chile),-745.0,-397.0
Playa Miller 8,-18.495148,-70.324746,18.0,Arica Coast,Arica y Parinacota,Coast,Late Archaic (Northern Chile),-3000.0,-1500.0
Punta Blanca,-22.174722,-70.225,16.0,"Punta Blanca, Tocopilla coast",Antofagasta,Coast,Early Formative (Northern Chile),-1500.0,-1000.0
Punta Cañas Norte,-24.7265,-70.57,69.0,Taltal area,Antofagasta,Coast,Formative Period (Northern Chile),-2050.0,450.0
Punta Tames,-22.6561,-70.2889,88.0,"Punta Tames, Mejillones, Coast of",Antofagasta,Coast,Formative Period (Northern Chile),-1500.0,400.0
Puripica 1,-22.836064,-68.199782,3137.0,"Interior Desert, North of Salar de Atacama",Antofagasta,Precordillera,Late Archaic (Northern Chile),-3000.0,-1500.0
Puripica 3,-22.836064,-68.199782,3137.0,"Interior Desert, North of Salar de Atacama",Antofagasta,Precordillera,Middle Archaic (Northern Chile),-5000.0,-3000.0
Putre,-18.196805,-69.559652,3557.0,"Upper Lluta Valley, Putre",Arica y Parinacota,Precordillera,Modern,,
Quebrada Rincon,-24.8831,-70.5175,102.0,Taltal area,Antofagasta,Coast,Formative Period (Northern Chile),-2050.0,450.0
Quiani 7,-18.528665,-70.321788,45.0,Arica Coast,Arica y Parinacota,Coast,Early Formative Period (Northern Chile),-1700.0,-500.0
Quiani 7 (Faldas del Morro),-18.528665,-70.321788,45.0,Arica Coast,Arica y Parinacota,Coast,Late Archaic Period (Northern Chile),-1700.0,-1600.0
Quillagua,-21.660287,-69.53489,810.0,"Quillagua Oases, Loa basin",Antofagasta,Lowlands,Formative Period (Northern Chile),-1500.0,400.0
Quillagua La Capilla,-21.660287,-69.53489,810.0,"Quillagua Oases, Loa basin",Antofagasta,Lowlands,Late Intermediate Period (Northern Chile),1100.0,1450.0
Quitor 1,-22.902611,-68.208056,2458.0,San Pedro de Atacama Oasis,Antofagasta,Precordillera,Late Intermediate Period (Northern Chile),1000.0,1450.0
Quitor 5,-22.898056,-68.205556,2462.0,San Pedro de Atacama Oasis,Antofagasta,Precordillera,Early Middle Horizon (Northern Chile),100.0,750.0
Quitor 6,-22.903611,-68.207222,2451.0,San Pedro de Atacama Oasis,Antofagasta,Precordillera,Late Intermediate Period (Northern Chile),900.0,1485.0
Quitor 6 Tardío,-22.905268,-68.207185,2451.0,San Pedro de Atacama Oasis,Antofagasta,Precordillera,Late Intermediate Period (Northern Chile),1000.0,1450.0
Quitor 8,-22.908383,-68.205559,2443.0,San Pedro de Atacama Oasis,Antofagasta,Precordillera,Middle Horizon (Northern Chile),500.0,1000.0
Quitor 9,-22.908383,-68.205559,2443.0,San Pedro de Atacama Oasis,Antofagasta,Precordillera,Late Intermediate Period (Northern Chile),1000.0,1450.0
RAnL,-22.3346,-68.6509,2545.0,"Upper Loa basin, Calama",Antofagasta,Precordillera,Formative Period (Northern Chile),-1500.0,400.0
Salar Punta Negra,-24.585825,-68.96776,2955.0,"Interior Desert, Salar Punta Negra",Antofagasta,Precordillera,Early Archaic (Northern Chile),-10650.0,-8450.0
San Lorenzo 1,-25.1135,-70.4797,17.0,Taltal area,Antofagasta,Coast,Late Archaic (Northern Chile),-5500.0,-2000.0
San Lorenzo 3,-25.1135,-70.4797,17.0,Taltal area,Antofagasta,Coast,Formative Period (Northern Chile),-2050.0,450.0
San Lorenzo de Tarapacá,-19.9235,-69.5094,1414.0,Tarapacá,Tarapacá,Lowlands,Late Intermediate Period (Northern Chile),900.0,1450.0
San Pedro de Atacama (Quitor 6),-22.905268,-68.207185,2451.0,San Pedro de Atacama Oasis,Antofagasta,Precordillera,Middle Horizon (Northern Chile),900.0,1100.0
San Salvador Cemetery,-22.4535,-69.3202,1374.0,"San Salvador Valley, Loa Basin, Calama",Antofagasta,Lowlands,Middle Formative Period (Northern Chile),-170.0,130.0
Solcor 3,-22.915,-68.19833,2438.0,San Pedro de Atacama Oasis,Antofagasta,Precordillera,Late Middle Horizon (Northern Chile),400.0,1000.0
Solcor Plaza,-22.922476,-68.200741,2440.0,San Pedro de Atacama Oasis,Antofagasta,Precordillera,Late Middle Horizon (Northern Chile),400.0,1000.0
Solor 3,-22.936111,-68.19694,2404.0,San Pedro de Atacama Oasis,Antofagasta,Precordillera,Early Middle Horizon (Northern Chile),100.0,750.0
TGN1,-23.066073,-70.373036,25.0,"Mejillones Bay, Mejillones Port",Antofagasta,Coast,Late Formative/Middle Horizon (Northern Chile),-300.0,-200.0
TGN2,-23.066073,-70.373036,25.0,"Mejillones Bay, Mejillones Port",Antofagasta,Coast,Middle Formative (Northern Chile),-1000.0,100.0
Talabre-Lejía Transect,-23.40508,-67.79452,3972.0,Laguna Lejía to Salar de Atacama,Antofagasta,Altiplano,Modern,,
Talabre-Lejía Transect 01,-23.50305,-67.72371,4480.0,Laguna Lejía to Salar de Atacama,Antofagasta,Altiplano,Modern,,
Talabre-Lejía Transect 02,-23.45127,-67.77322,4370.0,Laguna Lejía to Salar de Atacama,Antofagasta,Altiplano,Modern,,
Talabre-Lejía Transect 03,-23.4323,-67.7828,4270.0,Laguna Lejía to Salar de Atacama,Antofagasta,Altiplano,Modern,,
Talabre-Lejía Transect 04,-23.42283,-67.78008,4174.0,Laguna Lejía to Salar de Atacama,Antofagasta,Altiplano,Modern,,
Talabre-Lejía Transect 05,-23.41518,-67.78575,4072.0,Laguna Lejía to Salar de Atacama,Antofagasta,Altiplano,Modern,,
Talabre-Lejía Transect 06,-23.40508,-67.79452,3970.0,Laguna Lejía to Salar de Atacama,Antofagasta,Altiplano,Modern,,
Talabre-Lejía Transect 07,-23.38819,-67.80757,3870.0,Laguna Lejía to Salar de Atacama,Antofagasta,Altiplano,Modern,,
Talabre-Lejía Transect 08,-23.32856,-67.7989,3870.0,Laguna Lejía to Salar de Atacama,Antofagasta,Altiplano,Modern,,
Talabre-Lejía Transect 09,-23.32218,-67.8162,3770.0,Laguna Lejía to Salar de Atacama,Antofagasta,Altiplano,Modern,,
Talabre-Lejía Transect 10,-23.32268,-67.8318,3670.0,Laguna Lejía to Salar de Atacama,Antofagasta,Precordillera,Modern,,
Talabre-Lejía Transect 11,-23.31946,-67.84906,3570.0,Laguna Lejía to Salar de Atacama,Antofagasta,Precordillera,Modern,,
Talabre-Lejía Transect 12,-23.31766,-67.86342,3470.0,Laguna Lejía to Salar de Atacama,Antofagasta,Precordillera,Modern,,
Talabre-Lejía Transect 13,-23.31377,-67.87685,3370.0,Laguna Lejía to Salar de Atacama,Antofagasta,Precordillera,Modern,,
Talabre-Lejía Transect 14,-23.31291,-67.89014,3270.0,Laguna Lejía to Salar de Atacama,Antofagasta,Precordillera,Modern,,
Talabre-Lejía Transect 15,-23.3101,-67.90332,3170.0,Laguna Lejía to Salar de Atacama,Antofagasta,Precordillera,Modern,,
Talabre-Lejía Transect 16,-23.31005,-67.91876,3070.0,Laguna Lejía to Salar de Atacama,Antofagasta,Precordillera,Modern,,
Talabre-Lejía Transect 17,-23.30211,-67.93427,2970.0,Laguna Lejía to Salar de Atacama,Antofagasta,Precordillera,Modern,,
Talabre-Lejía Transect 18,-23.28868,-67.94587,2870.0,Laguna Lejía to Salar de Atacama,Antofagasta,Precordillera,Modern,,
Talabre-Lejía Transect 19,-23.28113,-67.95757,2770.0,Laguna Lejía to Salar de Atacama,Antofagasta,Precordillera,Modern,,
Talabre-Lejía Transect 20,-23.28023,-67.9694,2670.0,Laguna Lejía to Salar de Atacama,Antofagasta,Precordillera,Modern,,
Tana Norte,-19.461506,-69.976977,1085.0,"Quebrada Tana, Tiliviche",Tarapacá,Lowlands,Late Intermediate Period (Northern Chile),1100.0,1450.0
Tana Sur,-19.461506,-69.976977,1080.0,"Quebrada Tana, Tiliviche",Tarapacá,Lowlands,Late Intermediate Period (Northern Chile),1100.0,1450.0
Tarapacá 13,-20.02,-69.59,1197.0,Middle Tarapacá Valley,Tarapacá,Lowlands,Late Intermediate Period (Northern Chile),1100.0,1450.0
Tarapacá 40,-19.980554,-69.565488,1266.0,Middle Tarapacá Valley,Tarapacá,Lowlands,Early Formative Period (Northern Chile),-1500.0,-1000.0
Tarapacá 49,-19.980554,-69.565488,1266.0,Middle Tarapacá Valley,Tarapacá,Lowlands,Late Period (Northern Chile),1450.0,1532.0
Tchecar (Túmulo Sur),-22.935778,-68.209444,2415.0,San Pedro de Atacama Oasis,Antofagasta,Precordillera,Late Middle Horizon (Northern Chile),400.0,1000.0
Tiliviche,-19.550346,-69.944954,1030.0,"Interior Desert, Tiliviche",Tarapacá,Lowlands,Modern,,
Tiliviche 1B,-19.548889,-69.971111,1030.0,"Interior Desert, Tiliviche",Tarapacá,Lowlands,Late Archaic (Northern Chile),-3000.0,-1500.0
Tiliviche 2,-19.548889,-69.971111,1030.0,Tiliviche,Tarapacá,Lowlands,Late Archaic (Northern Chile),-3000.0,-1500.0
Toconao Oriente,-23.8089,-68.0676,2679.0,"Upper Loa basin, Calama",Antofagasta,Precordillera,Formative Period (Northern Chile),-400.0,310.0
Toconce,-22.263972,-68.166845,3295.0,"Upper Loa basin, Calama",Antofagasta,Precordillera,Late Intermediate Period (Northern Chile),900.0,1485.0
Tocopilla,-22.08818,-70.19783,12.0,"Coast of Tocopilla, Tocopilla",Antofagasta,Coast,Formative/Late Intermediate (Northern Chile),-1500.0,1400.0
Topater,-22.458692,-68.848113,2357.0,"Upper Loa basin, Calama",Antofagasta,Precordillera,Formative Period (Northern Chile),-1500.0,400.0
Tulán,-23.8065,-68.0736,2626.0,"Interior Desert, South of Salar de Atacama",Antofagasta,Precordillera,Late Archaic (Northern Chile),-3000.0,-1500.0
Tulán 109,-23.8065,-68.0736,2626.0,"Interior Desert, South of Salar de Atacama",Antofagasta,Precordillera,Early Archaic (Northern Chile),-8000.0,-5000.0
Tulán 54,-23.8089,-68.0676,2679.0,"Upper Loa basin, Calama",Antofagasta,Precordillera,Formative Period (Northern Chile),-1400.0,400.0
Tulán 58,-23.8089,-68.0676,2679.0,"Upper Loa basin, Calama",Antofagasta,Precordillera,Formative Period (Northern Chile),-400.0,-180.0
Tulán 67,-23.8065,-68.0736,2626.0,"Interior Desert, South of Salar de Atacama",Antofagasta,Precordillera,Early Archaic (Northern Chile),-8000.0,-5000.0
Tulán 68,-23.8065,-68.0736,2626.0,"Interior Desert, South of Salar de Atacama",Antofagasta,Precordillera,Early Archaic (Northern Chile),-8000.0,-5000.0
Tulán 85,-23.8065,-68.0736,2626.0,Salar de Atacama,Antofagasta,Precordillera,Early Formative Period (Northern Chile),-1100.0,-400.0
Villa Chuqui,-22.4545,-68.9292,2266.0,"Upper Loa basin, Calama",Antofagasta,Precordillera,Formative Period (Northern Chile),-1500.0,400.0
Yaye Occidental,-22.923753,-68.214667,2426.0,San Pedro de Atacama Oasis,Antofagasta,Precordillera,Middle Horizon/Late Intermediate Period (Northern Chile),750.0,1250.0
Yaye-2,-22.922,-68.2123,2429.0,San Pedro de Atacama Oasis,Antofagasta,Precordillera,Middle Horizon/Late Intermediate Period (Northern Chile),750.0,1250.0
Yaye-3,-22.921,-68.209,2431.0,San Pedro de Atacama Oasis,Antofagasta,Precordillera,Middle Horizon/Late Intermediate Period (Northern Chile),750.0,1250.0
Yaye-4,-22.922,-68.2123,2429.0,San Pedro de Atacama Oasis,Antofagasta,Precordillera,Middle Horizon/Late Intermediate Period (Northern Chile),750.0,1250.0
Zapatero,-24.8422,-70.5329,84.0,Taltal area,Antofagasta,Coast,Middle Horizon (Northern Chile),250.0,950.0
